document_url,category
https://www.ncbi.nlm.nih.gov/pubmed/24139006,-1
https://www.ncbi.nlm.nih.gov/pubmed/23625835,-1
https://www.ncbi.nlm.nih.gov/pubmed/20518645,-1
https://www.ncbi.nlm.nih.gov/pubmed/10567074,-1
https://www.ncbi.nlm.nih.gov/pubmed/15774072,-1
https://www.ncbi.nlm.nih.gov/pubmed/24008050,-1
https://www.ncbi.nlm.nih.gov/pubmed/10711988,-1
https://www.ncbi.nlm.nih.gov/pubmed/23250766,-1
https://www.ncbi.nlm.nih.gov/pubmed/22998975,-1
https://www.ncbi.nlm.nih.gov/pubmed/24008958,-1
